PRAGMA foreign_keys=OFF;
BEGIN TRANSACTION;
CREATE TABLE IF NOT EXISTS "django_migrations" ("id" integer NOT NULL PRIMARY KEY AUTOINCREMENT, "app" varchar(255) NOT NULL, "name" varchar(255) NOT NULL, "applied" datetime NOT NULL);
INSERT INTO django_migrations VALUES(1,'contenttypes','0001_initial','2024-08-01 21:02:18.671383');
INSERT INTO django_migrations VALUES(2,'auth','0001_initial','2024-08-01 21:02:18.701888');
INSERT INTO django_migrations VALUES(3,'account','0001_initial','2024-08-01 21:02:18.732452');
INSERT INTO django_migrations VALUES(4,'account','0002_email_max_length','2024-08-01 21:02:18.752883');
INSERT INTO django_migrations VALUES(5,'account','0003_alter_emailaddress_create_unique_verified_email','2024-08-01 21:02:18.789553');
INSERT INTO django_migrations VALUES(6,'account','0004_alter_emailaddress_drop_unique_email','2024-08-01 21:02:18.811626');
INSERT INTO django_migrations VALUES(7,'account','0005_emailaddress_idx_upper_email','2024-08-01 21:02:18.827331');
INSERT INTO django_migrations VALUES(8,'account','0006_emailaddress_lower','2024-08-01 21:02:18.843831');
INSERT INTO django_migrations VALUES(9,'account','0007_emailaddress_idx_email','2024-08-01 21:02:18.878567');
INSERT INTO django_migrations VALUES(10,'account','0008_emailaddress_unique_primary_email_fixup','2024-08-01 21:02:18.896614');
INSERT INTO django_migrations VALUES(11,'account','0009_emailaddress_unique_primary_email','2024-08-01 21:02:18.910608');
INSERT INTO django_migrations VALUES(12,'admin','0001_initial','2024-08-01 21:02:18.932495');
INSERT INTO django_migrations VALUES(13,'admin','0002_logentry_remove_auto_add','2024-08-01 21:02:18.950837');
INSERT INTO django_migrations VALUES(14,'admin','0003_logentry_add_action_flag_choices','2024-08-01 21:02:19.018822');
INSERT INTO django_migrations VALUES(15,'api','0001_initial','2024-08-01 21:02:19.255183');
INSERT INTO django_migrations VALUES(16,'contenttypes','0002_remove_content_type_name','2024-08-01 21:02:19.307382');
INSERT INTO django_migrations VALUES(17,'auth','0002_alter_permission_name_max_length','2024-08-01 21:02:19.350813');
INSERT INTO django_migrations VALUES(18,'auth','0003_alter_user_email_max_length','2024-08-01 21:02:19.384728');
INSERT INTO django_migrations VALUES(19,'auth','0004_alter_user_username_opts','2024-08-01 21:02:19.412275');
INSERT INTO django_migrations VALUES(20,'auth','0005_alter_user_last_login_null','2024-08-01 21:02:19.445142');
INSERT INTO django_migrations VALUES(21,'auth','0006_require_contenttypes_0002','2024-08-01 21:02:19.450643');
INSERT INTO django_migrations VALUES(22,'auth','0007_alter_validators_add_error_messages','2024-08-01 21:02:19.476196');
INSERT INTO django_migrations VALUES(23,'auth','0008_alter_user_username_max_length','2024-08-01 21:02:19.506967');
INSERT INTO django_migrations VALUES(24,'auth','0009_alter_user_last_name_max_length','2024-08-01 21:02:19.535784');
INSERT INTO django_migrations VALUES(25,'auth','0010_alter_group_name_max_length','2024-08-01 21:02:19.566426');
INSERT INTO django_migrations VALUES(26,'auth','0011_update_proxy_permissions','2024-08-01 21:02:19.601096');
INSERT INTO django_migrations VALUES(27,'auth','0012_alter_user_first_name_max_length','2024-08-01 21:02:19.629470');
INSERT INTO django_migrations VALUES(28,'authtoken','0001_initial','2024-08-01 21:02:19.655031');
INSERT INTO django_migrations VALUES(29,'authtoken','0002_auto_20160226_1747','2024-08-01 21:02:19.743399');
INSERT INTO django_migrations VALUES(30,'authtoken','0003_tokenproxy','2024-08-01 21:02:19.751042');
INSERT INTO django_migrations VALUES(31,'authtoken','0004_alter_tokenproxy_options','2024-08-01 21:02:19.760957');
INSERT INTO django_migrations VALUES(32,'django_celery_results','0001_initial','2024-08-01 21:02:19.774269');
INSERT INTO django_migrations VALUES(33,'django_celery_results','0002_add_task_name_args_kwargs','2024-08-01 21:02:19.786555');
INSERT INTO django_migrations VALUES(34,'django_celery_results','0003_auto_20181106_1101','2024-08-01 21:02:19.794134');
INSERT INTO django_migrations VALUES(35,'django_celery_results','0004_auto_20190516_0412','2024-08-01 21:02:19.845370');
INSERT INTO django_migrations VALUES(36,'django_celery_results','0005_taskresult_worker','2024-08-01 21:02:19.860371');
INSERT INTO django_migrations VALUES(37,'django_celery_results','0006_taskresult_date_created','2024-08-01 21:02:19.899618');
INSERT INTO django_migrations VALUES(38,'django_celery_results','0007_remove_taskresult_hidden','2024-08-01 21:02:19.918866');
INSERT INTO django_migrations VALUES(39,'django_celery_results','0008_chordcounter','2024-08-01 21:02:19.928573');
INSERT INTO django_migrations VALUES(40,'django_celery_results','0009_groupresult','2024-08-01 21:02:19.991772');
INSERT INTO django_migrations VALUES(41,'django_celery_results','0010_remove_duplicate_indices','2024-08-01 21:02:20.004945');
INSERT INTO django_migrations VALUES(42,'django_celery_results','0011_taskresult_periodic_task_name','2024-08-01 21:02:20.017372');
INSERT INTO django_migrations VALUES(43,'sessions','0001_initial','2024-08-01 21:02:20.032674');
INSERT INTO django_migrations VALUES(44,'sites','0001_initial','2024-08-01 21:02:20.040656');
INSERT INTO django_migrations VALUES(45,'sites','0002_alter_domain_unique','2024-08-01 21:02:20.056040');
INSERT INTO django_migrations VALUES(46,'socialaccount','0001_initial','2024-08-01 21:02:20.226254');
INSERT INTO django_migrations VALUES(47,'socialaccount','0002_token_max_lengths','2024-08-01 21:02:20.275392');
INSERT INTO django_migrations VALUES(48,'socialaccount','0003_extra_data_default_dict','2024-08-01 21:02:20.301187');
INSERT INTO django_migrations VALUES(49,'socialaccount','0004_app_provider_id_settings','2024-08-01 21:02:20.350666');
INSERT INTO django_migrations VALUES(50,'socialaccount','0005_socialtoken_nullable_app','2024-08-01 21:02:20.389658');
INSERT INTO django_migrations VALUES(51,'socialaccount','0006_alter_socialaccount_extra_data','2024-08-01 21:02:20.422901');
INSERT INTO django_migrations VALUES(52,'token_blacklist','0001_initial','2024-08-01 21:02:20.494042');
INSERT INTO django_migrations VALUES(53,'token_blacklist','0002_outstandingtoken_jti_hex','2024-08-01 21:02:20.522725');
INSERT INTO django_migrations VALUES(54,'token_blacklist','0003_auto_20171017_2007','2024-08-01 21:02:20.553468');
INSERT INTO django_migrations VALUES(55,'token_blacklist','0004_auto_20171017_2013','2024-08-01 21:02:20.592667');
INSERT INTO django_migrations VALUES(56,'token_blacklist','0005_remove_outstandingtoken_jti','2024-08-01 21:02:20.623950');
INSERT INTO django_migrations VALUES(57,'token_blacklist','0006_auto_20171017_2113','2024-08-01 21:02:20.657997');
INSERT INTO django_migrations VALUES(58,'token_blacklist','0007_auto_20171017_2214','2024-08-01 21:02:20.715232');
INSERT INTO django_migrations VALUES(59,'token_blacklist','0008_migrate_to_bigautofield','2024-08-01 21:02:20.760603');
INSERT INTO django_migrations VALUES(60,'token_blacklist','0010_fix_migrate_to_bigautofield','2024-08-01 21:02:20.804768');
INSERT INTO django_migrations VALUES(61,'token_blacklist','0011_linearizes_history','2024-08-01 21:02:20.810271');
INSERT INTO django_migrations VALUES(62,'token_blacklist','0012_alter_outstandingtoken_user','2024-08-01 21:02:20.838810');
INSERT INTO django_migrations VALUES(63,'api','0002_graphdata_api_graphda_deleted_c4caed_idx_and_more','2024-08-02 01:24:49.134073');
INSERT INTO django_migrations VALUES(64,'api','0003_alter_graphdata_options_alter_historicallog_options_and_more','2024-08-02 01:29:30.106500');
INSERT INTO django_migrations VALUES(65,'api','0004_alter_maintenance_options_and_more','2024-08-02 01:30:31.870905');
CREATE TABLE IF NOT EXISTS "auth_group_permissions" ("id" integer NOT NULL PRIMARY KEY AUTOINCREMENT, "group_id" integer NOT NULL REFERENCES "auth_group" ("id") DEFERRABLE INITIALLY DEFERRED, "permission_id" integer NOT NULL REFERENCES "auth_permission" ("id") DEFERRABLE INITIALLY DEFERRED);
CREATE TABLE IF NOT EXISTS "auth_user_groups" ("id" integer NOT NULL PRIMARY KEY AUTOINCREMENT, "user_id" integer NOT NULL REFERENCES "auth_user" ("id") DEFERRABLE INITIALLY DEFERRED, "group_id" integer NOT NULL REFERENCES "auth_group" ("id") DEFERRABLE INITIALLY DEFERRED);
CREATE TABLE IF NOT EXISTS "auth_user_user_permissions" ("id" integer NOT NULL PRIMARY KEY AUTOINCREMENT, "user_id" integer NOT NULL REFERENCES "auth_user" ("id") DEFERRABLE INITIALLY DEFERRED, "permission_id" integer NOT NULL REFERENCES "auth_permission" ("id") DEFERRABLE INITIALLY DEFERRED);
CREATE TABLE IF NOT EXISTS "account_emailconfirmation" ("id" integer NOT NULL PRIMARY KEY AUTOINCREMENT, "created" datetime NOT NULL, "sent" datetime NULL, "key" varchar(64) NOT NULL UNIQUE, "email_address_id" integer NOT NULL REFERENCES "account_emailaddress" ("id") DEFERRABLE INITIALLY DEFERRED);
CREATE TABLE IF NOT EXISTS "account_emailaddress" ("id" integer NOT NULL PRIMARY KEY AUTOINCREMENT, "verified" bool NOT NULL, "primary" bool NOT NULL, "user_id" integer NOT NULL REFERENCES "auth_user" ("id") DEFERRABLE INITIALLY DEFERRED, "email" varchar(254) NOT NULL);
CREATE TABLE IF NOT EXISTS "django_admin_log" ("id" integer NOT NULL PRIMARY KEY AUTOINCREMENT, "object_id" text NULL, "object_repr" varchar(200) NOT NULL, "action_flag" smallint unsigned NOT NULL CHECK ("action_flag" >= 0), "change_message" text NOT NULL, "content_type_id" integer NULL REFERENCES "django_content_type" ("id") DEFERRABLE INITIALLY DEFERRED, "user_id" integer NOT NULL REFERENCES "auth_user" ("id") DEFERRABLE INITIALLY DEFERRED, "action_time" datetime NOT NULL);
INSERT INTO django_admin_log VALUES(1,'2','cosmeaf@gmail.com',3,'',4,1,'2024-08-02 00:59:45.265906');
INSERT INTO django_admin_log VALUES(2,'3','cosmeaf@gmail.com',3,'',4,1,'2024-08-02 01:35:33.933513');
INSERT INTO django_admin_log VALUES(3,'4','cosmeaf@gmail.com',3,'',4,1,'2024-08-02 01:42:01.824227');
INSERT INTO django_admin_log VALUES(4,'5','cosmeaf@gmail.com',3,'',4,1,'2024-08-02 01:42:42.444885');
INSERT INTO django_admin_log VALUES(5,'6','cosmeaf@gmail.com',3,'',4,1,'2024-08-02 01:51:43.509765');
INSERT INTO django_admin_log VALUES(6,'7','cosmeaf@gmail.com',3,'',4,1,'2024-08-02 01:52:14.067959');
INSERT INTO django_admin_log VALUES(7,'8','cosmeaf@gmail.com',3,'',4,1,'2024-08-02 01:54:36.529512');
CREATE TABLE IF NOT EXISTS "api_emailsettings" ("id" integer NOT NULL PRIMARY KEY AUTOINCREMENT, "email_backend" varchar(255) NOT NULL, "email_service" varchar(255) NULL, "email_host" varchar(255) NULL, "email_port" integer NULL, "email_use_tls" bool NOT NULL, "email_host_user" varchar(254) NULL, "email_host_password" varchar(255) NULL, "default_from_email" varchar(254) NOT NULL);
CREATE TABLE IF NOT EXISTS "api_historicalmymodel" ("id" char(32) NOT NULL PRIMARY KEY, "created_at" datetime NOT NULL, "updated_at" datetime NOT NULL, "deleted_at" datetime NULL, "history_date" datetime NOT NULL, "history_change_reason" varchar(100) NOT NULL);
CREATE TABLE IF NOT EXISTS "api_device" ("id" char(32) NOT NULL PRIMARY KEY, "created_at" datetime NOT NULL, "updated_at" datetime NOT NULL, "deleted_at" datetime NULL, "HDR" varchar(50) NULL, "device_id" varchar(50) NOT NULL UNIQUE, "report_map" varchar(50) NULL, "model" varchar(50) NULL, "software_version" varchar(50) NULL, "message_type" varchar(50) NULL, "data" varchar(50) NULL, "hora" varchar(50) NULL, "latitude" varchar(50) NULL, "longitude" varchar(50) NULL, "speed_gps" varchar(50) NULL, "course" varchar(50) NULL, "satellites" varchar(50) NULL, "fix_status" varchar(50) NULL, "in_state" varchar(50) NULL, "out_state" varchar(50) NULL, "mode" varchar(50) NULL, "report_type" varchar(50) NULL, "message_number" varchar(50) NULL, "reserved" varchar(50) NULL, "assign_map" varchar(50) NULL, "power_voltage" real NULL, "bateria_suntech" real NULL, "connection_rat" varchar(50) NULL, "acceleration_x" real NULL, "acceleration_y" real NULL, "acceleration_z" real NULL, "ADC" varchar(50) NULL, "GPS_odometer" varchar(50) NULL, "trip_distance" varchar(50) NULL, "horimeter" varchar(100) NOT NULL, "trip_horimeter" varchar(50) NULL, "idle_time" varchar(50) NULL, "impact" real NULL, "SoC_battery_voltage" real NULL, "temperatura" real NULL, "data_length" varchar(50) NULL, "RFID" varchar(50) NULL, "velocidade_instantanea" varchar(50) NULL, "velocidade_pico" varchar(50) NULL, "temperatura_instantanea" varchar(50) NULL, "temperatura_pico" varchar(50) NULL, "alert_id" varchar(50) NULL, "alert_modifier" varchar(50) NULL, "alert_data" varchar(50) NULL, "deleted_by_id" integer NULL REFERENCES "auth_user" ("id") DEFERRABLE INITIALLY DEFERRED);
INSERT INTO api_device VALUES('fa41e7acdfe1425989fa280bd17502d2','2024-08-01 21:02:52.484609','2024-08-02 14:24:04.250047',NULL,'ALT','1610025540','FFF83F','161','3.0.13','0','20240802','02:18:35','-19.949418','-44.013720','0.20','42.75','18','1','00000000','00000000','2','1','4609','','000F807F',13.5,4.2000000000000001776,'0',0.93000000000000004884,0.040000000000000000832,0.0,'0.00','1153494','17','450.92','32',replace('7\r','\r',char(13)),0.97999999999999998223,100.0,793.78999999999996363,NULL,NULL,NULL,NULL,NULL,NULL,'34','','',NULL);
INSERT INTO api_device VALUES('c8cf916157ff4caeb126aff4f7aab12f','2024-08-01 21:02:52.497151','2024-08-02 14:24:09.271639',NULL,'STT','1610018779','FFF83F','161','3.0.7','0','20240802','01:40:28','-19.925329','-44.054444','0.00','0.00','21','1','00000000','00000000','0','1','0405','','000F807F',0.0,3.6000000000000000888,'0',0.010000000000000000208,0.93000000000000004884,0.059999999999999997779,'0.00','1414918','0','429.60','0',replace('0\r','\r',char(13)),1.0,50.0,793.78999999999996363,NULL,NULL,NULL,NULL,NULL,NULL,'34','','',NULL);
INSERT INTO api_device VALUES('9b14576a9df44670aefdaad6e3f876b3','2024-08-01 21:02:52.508749','2024-08-02 14:24:09.299549',NULL,'STT','1610018776','FFF83F','161','3.0.7','0','20240802','02:15:28','-19.951505','-44.024072','0.00','0.00','14','1','00001000','00000000','0','1','0899','','000F807F',12.710000000000000852,4.2000000000000001776,'0',0.79000000000000003552,0.17000000000000001221,0.080000000000000001665,'5.20','1684094','0','472.68','0',replace('0\r','\r',char(13)),1.0200000000000000177,100.0,41.35000000000000142,NULL,NULL,NULL,NULL,NULL,NULL,'34','','',NULL);
INSERT INTO api_device VALUES('528fc8710015438cbfc83fa12f0a65a7','2024-08-01 21:08:37.194427','2024-08-02 14:24:04.284211',NULL,'UEX','1610018282','FFF83F','161','3.0.7','1','20240802','02:27:43','-19.896262','-44.054208','1.33','248.59','5','1','00000001','00000000','2','1','4163','','000F807F',14.609999999999999431,4.2000000000000001776,'0',0.79000000000000003552,0.14999999999999999444,0.17999999999999999333,'0.00','3523815','1140','773.05','1025',replace('300\r','\r',char(13)),1.0600000000000000532,100.0,793.78999999999996363,'22','d9979a13','0.00','0.00','',replace(replace('\r\n','\r',char(13)),'\n',char(10)),'33','','',NULL);
INSERT INTO api_device VALUES('87b5ab37f90840e7a7e6599deb5bfcf4','2024-08-01 21:10:12.994130','2024-08-02 14:24:09.312873',NULL,'STT','1610013746','FFF83F','161','3.0.7','1','20240801','22:09:39','-19.943599','-44.008325','0.00','0.00','18','1','00000000','00000000','0','1','4757','','000F807F',0.0,3.6000000000000000888,'0',0.0,0.5500000000000000444,0.47999999999999998223,'0.00','127401','0','253.77','0',replace('0\r','\r',char(13)),1.0100000000000000088,50.0,793.78999999999996363,NULL,NULL,NULL,NULL,NULL,NULL,NULL,NULL,NULL,NULL);
INSERT INTO api_device VALUES('a4aee70c829943c8914d1ceddbe852f3','2024-08-01 21:15:03.833560','2024-08-02 14:24:14.335594',NULL,'STT','1610018295','FFF83F','161','3.0.7','0','20240802','02:05:50','-19.957137','-44.032231','0.00','0.00','14','1','00000000','00000000','0','1','7245','','000F807F',12.640000000000000568,4.0999999999999996447,'0',0.97999999999999998223,0.0,0.0,'0.00','1901698','0','635.40','0',replace('0\r','\r',char(13)),0.98999999999999999111,89.579999999999998291,793.78999999999996363,NULL,NULL,NULL,NULL,NULL,NULL,NULL,NULL,NULL,NULL);
INSERT INTO api_device VALUES('b9b15782fd6a494d96b633031ca662cf','2024-08-01 21:20:44.053509','2024-08-02 14:24:04.317203',NULL,'STT','1610018301','FFF83F','161','3.0.7','0','20240801','21:19:09','-19.950017','-44.014193','0.00','0.00','20','1','00001000','00000000','0','1','9406','','000F807F',0.0,3.7999999999999998223,'0',0.98999999999999999111,0.020000000000000000416,0.0,'6.55','929572','0','312.58','0',replace('0\r','\r',char(13)),1.0,63.890000000000000566,75.959999999999993748,NULL,NULL,NULL,NULL,NULL,NULL,NULL,NULL,NULL,NULL);
INSERT INTO api_device VALUES('4117fa93a9504ebb9f6d815f254ce744','2024-08-01 21:31:08.491879','2024-08-02 14:24:09.326674',NULL,'STT','1610018812','FFF83F','161','3.0.7','0','20240801','22:30:40','-19.957433','-44.031766','0.00','0.00','20','1','00000000','00000000','0','1','4551','','000F807F',0.0,3.7999999999999998223,'0',1.0,0.010000000000000000208,0.010000000000000000208,'0.00','2112035','0','617.57','0',replace('0\r','\r',char(13)),1.0100000000000000088,63.890000000000000566,793.78999999999996363,NULL,NULL,NULL,NULL,NULL,NULL,NULL,NULL,NULL,NULL);
INSERT INTO api_device VALUES('792a66a6903b4d1cac1fe3ef786b5be6','2024-08-01 21:32:44.676665','2024-08-02 14:24:04.336156',NULL,'STT','1610015166','FFF83F','161','3.0.7','0','20240802','02:22:02','-19.949992','-44.014174','0.00','0.00','14','1','00001000','00000000','0','1','1291','','000F807F',12.669999999999999928,4.0,'0',0.42999999999999999333,0.30999999999999999777,0.27000000000000001776,'4.71','852632','0','191.93','0',replace('0\r','\r',char(13)),1.0,79.170000000000001704,31.449999999999999288,NULL,NULL,NULL,NULL,NULL,NULL,NULL,NULL,NULL,NULL);
INSERT INTO api_device VALUES('ede1706e7fcb4913b76796951340f2e1','2024-08-01 21:32:48.912973','2024-08-02 14:24:09.348318',NULL,'STT','1610025539','FFF83F','161','3.0.13','0','20240802','00:31:01','-19.943798','-44.008407','0.00','0.00','21','1','00000000','00000000','0','1','4285','','000F807F',0.0,3.2999999999999998223,'8',0.0,0.0,0.97999999999999998223,'0.00','283','0','364.47','0',replace('0\r','\r',char(13)),0.98999999999999999111,29.170000000000001704,793.78999999999996363,NULL,NULL,NULL,NULL,NULL,NULL,NULL,NULL,NULL,NULL);
INSERT INTO api_device VALUES('a743a383133e412e93748dc014c99cd7','2024-08-01 21:34:23.516260','2024-08-02 14:24:14.355905',NULL,'STT','1610018272','FFF83F','161','3.0.7','0','20240801','22:29:34','-19.950052','-44.014166','0.00','0.00','21','1','00001000','00000000','0','1','3116','','000F807F',0.0,3.7999999999999998223,'0',0.77000000000000001776,0.040000000000000000832,0.20999999999999999222,'5.26','991560','0','253.13','0',replace('0\r','\r',char(13)),1.0100000000000000088,63.890000000000000566,42.65999999999999659,NULL,NULL,NULL,NULL,NULL,NULL,NULL,NULL,NULL,NULL);
INSERT INTO api_device VALUES('28fea1038ffb4e76afd498c65e2f97e1','2024-08-01 21:46:13.471736','2024-08-02 14:24:09.371986',NULL,'STT','1610013739','FFF83F','161','3.0.7','1','20240802','01:46:09','-19.950092','-44.014260','0.00','0.00','19','1','00001000','00000000','0','1','7372','','000F807F',0.0,3.7999999999999998223,'255',0.97999999999999998223,0.010000000000000000208,0.0,'3.81','2756635','0','836.83','0',replace('0\r','\r',char(13)),0.98999999999999999111,63.890000000000000566,19.140000000000000568,NULL,NULL,NULL,NULL,NULL,NULL,NULL,NULL,NULL,NULL);
INSERT INTO api_device VALUES('d62c0af4621341fe9635e51adf8afc8a','2024-08-01 21:57:23.412158','2024-08-02 14:24:04.362361',NULL,'STT','1610018774','FFF83F','161','3.0.7','1','20240801','22:01:38','-19.951302','-44.024167','0.00','0.00','17','1','00000000','00000000','0','1','1221','','000F807F',0.0,3.7000000000000001776,'0',0.47999999999999998223,0.4000000000000000222,0.14000000000000001332,'0.00','666794','0','202.20','0',replace('0\r','\r',char(13)),1.0100000000000000088,56.939999999999997724,793.78999999999996363,NULL,NULL,NULL,NULL,NULL,NULL,NULL,NULL,NULL,NULL);
INSERT INTO api_device VALUES('16a738323e864788ae4e4272c80dea91','2024-08-01 22:44:27.833784','2024-08-02 14:24:14.383308',NULL,'STT','1610018794','FFF83F','161','3.0.7','0','20240802','02:03:43','-19.956643','-44.032074','0.00','0.00','18','1','00000000','00000000','0','1','6316','','000F807F',12.77999999999999936,4.2000000000000001776,'0',0.96999999999999997335,0.029999999999999998889,0.020000000000000000416,'0.00','1832780','0','567.27','0',replace('0\r','\r',char(13)),1.0100000000000000088,100.0,793.78999999999996363,NULL,NULL,NULL,NULL,NULL,NULL,'34','','',NULL);
INSERT INTO api_device VALUES('1ea6e6da41704342aad4718768bba396','2024-08-01 23:26:25.449955','2024-08-02 14:24:04.382094',NULL,'STT','1610018796','FFF83F','161','3.0.7','0','20240802','02:52:52','-19.925752','-44.051705','0.00','0.00','19','1','00001000','00000000','0','1','3716','','000F807F',12.77999999999999936,4.2000000000000001776,'0',0.020000000000000000416,0.10000000000000000555,0.83999999999999996891,'3.95','653062','0','211.30','0',replace('0\r','\r',char(13)),0.97999999999999998223,100.0,20.600000000000001421,NULL,NULL,NULL,NULL,NULL,NULL,NULL,NULL,NULL,NULL);
CREATE TABLE IF NOT EXISTS "api_devicelog" ("id" integer NOT NULL PRIMARY KEY AUTOINCREMENT, "log_message" text NOT NULL, "timestamp" datetime NOT NULL, "additional_info" varchar(255) NULL, "device_id" char(32) NOT NULL REFERENCES "api_device" ("id") DEFERRABLE INITIALLY DEFERRED);
CREATE TABLE IF NOT EXISTS "api_equipament" ("id" char(32) NOT NULL PRIMARY KEY, "created_at" datetime NOT NULL, "updated_at" datetime NOT NULL, "deleted_at" datetime NULL, "begin_hour_device" real NOT NULL, "begin_hour_machine" real NOT NULL, "total_hour_meter" real NOT NULL, "name" varchar(255) NOT NULL, "year" integer NULL, "model" varchar(255) NULL, "measuring_point" varchar(255) NULL, "fuel" varchar(8) NULL, "pulse_number" integer NULL, "tire_perimeter" real NULL, "available_hours_per_month" real NULL, "average_consumption" real NULL, "speed_alert" real NULL, "temperature_alert" real NULL, "shock_alert" real NULL, "effective_hours_odometer" varchar(255) NULL, "odometer" real NULL, "notes" text NULL, "deleted_by_id" integer NULL REFERENCES "auth_user" ("id") DEFERRABLE INITIALLY DEFERRED, "device_id" char(32) NOT NULL UNIQUE REFERENCES "api_device" ("id") DEFERRABLE INITIALLY DEFERRED);
INSERT INTO api_equipament VALUES('23a7f98e363e4d31a8a7eb76b9068d1e','2024-08-01 21:05:23.163659','2024-08-02 14:24:04.254886',NULL,448.97000000000002726,1000.0,1001.9500000000000454,'EQ5540',2024,'N/A','N/A','DIESEL',0,0.0,0.0,0.0,0.0,0.0,0.0,'HODOMETRO',0.0,NULL,NULL,'fa41e7acdfe1425989fa280bd17502d2');
INSERT INTO api_equipament VALUES('d92bbd06e684452b932ef7470141d8e5','2024-08-01 21:23:58.172129','2024-08-02 14:24:09.275749',NULL,429.17000000000001592,1000.0,1000.4299999999999499,'EQ8799',2024,'N/A','N/A','DIESEL',0,0.0,0.0,0.0,0.0,0.0,0.0,'HODOMETRO',0.0,NULL,NULL,'c8cf916157ff4caeb126aff4f7aab12f');
INSERT INTO api_equipament VALUES('5b3ad78d7e5f4e7391aa9728387f01d5','2024-08-01 21:24:41.913812','2024-08-02 14:24:09.302986',NULL,471.60000000000002274,1000.0,1001.0800000000000408,'EQ8776',2024,'N/A','N/A','DIESEL',0,0.0,0.0,0.0,0.0,0.0,0.0,'HODOMETRO',0.0,NULL,NULL,'9b14576a9df44670aefdaad6e3f876b3');
INSERT INTO api_equipament VALUES('14874c7edae64146a0816ea891028703','2024-08-01 21:24:59.837910','2024-08-02 14:24:04.295808',NULL,771.79999999999995452,1000.0,1001.25,'EQ8282',2024,'N/A','N/A','DIESEL',0,0.0,0.0,0.0,0.0,0.0,0.0,'HODOMETRO',0.0,NULL,NULL,'528fc8710015438cbfc83fa12f0a65a7');
INSERT INTO api_equipament VALUES('fe84cfe529f34cbd9ae8d23f4a123c6f','2024-08-01 21:25:12.868227','2024-08-02 14:24:09.316705',NULL,253.77000000000001023,1000.0,1000.0,'EQ3746',2024,'N/A','N/A','DIESEL',0,0.0,0.0,0.0,0.0,0.0,0.0,'HODOMETRO',0.0,NULL,NULL,'87b5ab37f90840e7a7e6599deb5bfcf4');
INSERT INTO api_equipament VALUES('8df86888525c47db8b75f95fb4759bb0','2024-08-01 21:25:28.074043','2024-08-02 14:24:14.339068',NULL,635.39999999999997727,1000.0,1000.0,'EQ8295',2024,'N/A','N/A','DIESEL',0,0.0,0.0,0.0,0.0,0.0,0.0,'HODOMETRO',0.0,NULL,NULL,'a4aee70c829943c8914d1ceddbe852f3');
INSERT INTO api_equipament VALUES('d57898eca86b408bb9dc49426dd69cb3','2024-08-01 21:25:39.814565','2024-08-02 14:24:04.327937',NULL,312.57999999999998407,1000.0,1000.0,'EQ8301',2024,'N/A','N/A','DIESEL',0,0.0,0.0,0.0,0.0,0.0,0.0,'HODOMETRO',0.0,NULL,NULL,'b9b15782fd6a494d96b633031ca662cf');
INSERT INTO api_equipament VALUES('a6b809109ab443809a0b4c5ad0fd9d08','2024-08-01 21:39:55.110541','2024-08-02 14:24:09.330242',NULL,617.57000000000005003,1000.0,1000.0,'EQ8812',2024,'N/A','N/A','DIESEL',0,0.0,0.0,0.0,0.0,0.0,0.0,'HODOMETRO',0.0,NULL,NULL,'4117fa93a9504ebb9f6d815f254ce744');
INSERT INTO api_equipament VALUES('30dc184b9c634d97a3c08c50ac302694','2024-08-01 21:40:09.439908','2024-08-02 14:24:04.350552',NULL,191.93000000000000681,1000.0,1000.0,'EQ5166',2024,'N/A','N/A','DIESEL',0,0.0,0.0,0.0,0.0,0.0,0.0,'HODOMETRO',0.0,NULL,NULL,'792a66a6903b4d1cac1fe3ef786b5be6');
INSERT INTO api_equipament VALUES('db642404b36a4575965bcae138ace1e2','2024-08-01 21:40:22.390635','2024-08-02 14:24:09.354605',NULL,364.47000000000002728,1000.0,1000.0,'EQ5539',2024,'N/A','N/A','DIESEL',0,0.0,0.0,0.0,0.0,0.0,0.0,'HODOMETRO',0.0,NULL,NULL,'ede1706e7fcb4913b76796951340f2e1');
INSERT INTO api_equipament VALUES('595801b6fbc042a7bc7237482ef793f2','2024-08-01 21:40:35.733487','2024-08-02 14:24:14.359378',NULL,253.12999999999999545,1000.0,1000.0,'EQ8272',2024,'N/A','N/A','DIESEL',0,0.0,0.0,0.0,0.0,0.0,0.0,'HODOMETRO',0.0,NULL,NULL,'a743a383133e412e93748dc014c99cd7');
INSERT INTO api_equipament VALUES('8debe2af9ebd4cb9a8251e44c443473d','2024-08-01 21:49:12.354188','2024-08-02 14:24:09.375617',NULL,836.83000000000004091,1000.0,1000.0,'EQ3739',2024,'N/A','N/A','DIESEL',0,0.0,0.0,0.0,0.0,0.0,0.0,'HODOMETRO',0.0,NULL,NULL,'28fea1038ffb4e76afd498c65e2f97e1');
INSERT INTO api_equipament VALUES('ae00ee52642c4aa58a376bf5c64c8970','2024-08-01 22:37:33.933550','2024-08-02 14:24:04.367022',NULL,202.19999999999998863,1000.0,1000.0,'EQ8774',2024,'N/A','N/A','DIESEL',0,0.0,0.0,0.0,0.0,0.0,0.0,'HODOMETRO',0.0,NULL,NULL,'d62c0af4621341fe9635e51adf8afc8a');
INSERT INTO api_equipament VALUES('35c681b81b0d47558b7e6573459c24c7','2024-08-02 00:55:20.324807','2024-08-02 14:24:14.387551',NULL,567.2699999999999818,1000.0,1000.0,'EQ8794',2024,'N/A','N/A','DIESEL',0,0.0,0.0,0.0,0.0,0.0,0.0,'HODOMETRO',0.0,NULL,NULL,'16a738323e864788ae4e4272c80dea91');
CREATE TABLE IF NOT EXISTS "api_graphdata" ("id" char(32) NOT NULL PRIMARY KEY, "created_at" datetime NOT NULL, "updated_at" datetime NOT NULL, "deleted_at" datetime NULL, "period" varchar(50) NOT NULL, "data_type" varchar(50) NOT NULL, "data" text NOT NULL CHECK ((JSON_VALID("data") OR "data" IS NULL)), "deleted_by_id" integer NULL REFERENCES "auth_user" ("id") DEFERRABLE INITIALLY DEFERRED, "device_id" char(32) NOT NULL REFERENCES "api_device" ("id") DEFERRABLE INITIALLY DEFERRED, "equipament_id" char(32) NOT NULL REFERENCES "api_equipament" ("id") DEFERRABLE INITIALLY DEFERRED);
CREATE TABLE IF NOT EXISTS "api_historicallog" ("id" char(32) NOT NULL PRIMARY KEY, "created_at" datetime NOT NULL, "updated_at" datetime NOT NULL, "deleted_at" datetime NULL, "action" varchar(255) NOT NULL, "timestamp" datetime NOT NULL, "details" text NOT NULL CHECK ((JSON_VALID("details") OR "details" IS NULL)), "deleted_by_id" integer NULL REFERENCES "auth_user" ("id") DEFERRABLE INITIALLY DEFERRED, "user_id" integer NOT NULL REFERENCES "auth_user" ("id") DEFERRABLE INITIALLY DEFERRED);
CREATE TABLE IF NOT EXISTS "api_maintenance" ("id" char(32) NOT NULL PRIMARY KEY, "created_at" datetime NOT NULL, "updated_at" datetime NOT NULL, "deleted_at" datetime NULL, "horimetro_inicial_suntech" real NOT NULL, "horimetro_inicial_maintenance" real NOT NULL, "name" varchar(255) NOT NULL, "os" bool NOT NULL, "usage_hours" decimal NOT NULL, "alarm_hours" decimal NOT NULL, "obs" text NULL, "deleted_by_id" integer NULL REFERENCES "auth_user" ("id") DEFERRABLE INITIALLY DEFERRED, "equipament_id" char(32) NOT NULL REFERENCES "api_equipament" ("id") DEFERRABLE INITIALLY DEFERRED);
INSERT INTO api_maintenance VALUES('27b763b2f2444167a81380a724592bdf','2024-08-01 21:06:09.607595','2024-08-02 00:32:55.588777',NULL,450.4300000000000068,450.4300000000000068,'Óleo do Motor',1,500,500,'',NULL,'23a7f98e363e4d31a8a7eb76b9068d1e');
INSERT INTO api_maintenance VALUES('e6a78657336f46fd95e0e8691c028943','2024-08-01 23:04:09.603491','2024-08-01 23:48:13.547482',NULL,429.60000000000002273,429.60000000000002273,'Correia de transmissão',1,200,100,'Correia de transmissão',NULL,'d92bbd06e684452b932ef7470141d8e5');
INSERT INTO api_maintenance VALUES('85204719162941cd93689b2432fcd8e3','2024-08-02 00:33:25.067991','2024-08-02 00:33:30.182431',NULL,635.39999999999997727,635.39999999999997727,'Óleo do Motor',1,200,100,'Óleo do Motor',NULL,'8df86888525c47db8b75f95fb4759bb0');
CREATE TABLE IF NOT EXISTS "api_mymodel" ("id" char(32) NOT NULL PRIMARY KEY, "created_at" datetime NOT NULL, "updated_at" datetime NOT NULL, "deleted_at" datetime NULL, "name" varchar(255) NOT NULL, "deleted_by_id" integer NULL REFERENCES "auth_user" ("id") DEFERRABLE INITIALLY DEFERRED);
CREATE TABLE IF NOT EXISTS "api_report" ("id" char(32) NOT NULL PRIMARY KEY, "created_at" datetime NOT NULL, "updated_at" datetime NOT NULL, "deleted_at" datetime NULL, "name" varchar(255) NOT NULL, "start_date" date NOT NULL, "end_date" date NOT NULL, "report_type" varchar(50) NOT NULL, "generated_at" datetime NOT NULL, "data" text NOT NULL CHECK ((JSON_VALID("data") OR "data" IS NULL)), "deleted_by_id" integer NULL REFERENCES "auth_user" ("id") DEFERRABLE INITIALLY DEFERRED, "generated_by_id" integer NOT NULL REFERENCES "auth_user" ("id") DEFERRABLE INITIALLY DEFERRED);
CREATE TABLE IF NOT EXISTS "api_userprofilemodel" ("id" char(32) NOT NULL PRIMARY KEY, "created_at" datetime NOT NULL, "updated_at" datetime NOT NULL, "deleted_at" datetime NULL, "email" varchar(255) NOT NULL UNIQUE, "first_name" varchar(30) NOT NULL, "last_name" varchar(30) NOT NULL, "image" varchar(100) NULL, "bio" text NULL, "birthday" date NULL, "phone_number" varchar(18) NULL, "department" varchar(100) NULL, "position" varchar(100) NULL, "hire_date" date NULL, "deleted_by_id" integer NULL REFERENCES "auth_user" ("id") DEFERRABLE INITIALLY DEFERRED, "equipament_id" char(32) NOT NULL REFERENCES "api_equipament" ("id") DEFERRABLE INITIALLY DEFERRED);
INSERT INTO api_userprofilemodel VALUES('2c8bab7a7eaf4c2cb15864a1930eddde','2024-08-02 13:14:28.704560','2024-08-02 13:14:28.704582',NULL,'operador1@email.com','Operador001','Operador001','','N/A','2024-08-02','11992852661','Tecnology','DevOps Engineer','2024-08-02',NULL,'14874c7edae64146a0816ea891028703');
CREATE TABLE IF NOT EXISTS "django_content_type" ("id" integer NOT NULL PRIMARY KEY AUTOINCREMENT, "app_label" varchar(100) NOT NULL, "model" varchar(100) NOT NULL);
INSERT INTO django_content_type VALUES(1,'admin','logentry');
INSERT INTO django_content_type VALUES(2,'auth','permission');
INSERT INTO django_content_type VALUES(3,'auth','group');
INSERT INTO django_content_type VALUES(4,'auth','user');
INSERT INTO django_content_type VALUES(5,'contenttypes','contenttype');
INSERT INTO django_content_type VALUES(6,'sessions','session');
INSERT INTO django_content_type VALUES(7,'token_blacklist','blacklistedtoken');
INSERT INTO django_content_type VALUES(8,'token_blacklist','outstandingtoken');
INSERT INTO django_content_type VALUES(9,'sites','site');
INSERT INTO django_content_type VALUES(10,'account','emailaddress');
INSERT INTO django_content_type VALUES(11,'account','emailconfirmation');
INSERT INTO django_content_type VALUES(12,'socialaccount','socialaccount');
INSERT INTO django_content_type VALUES(13,'socialaccount','socialapp');
INSERT INTO django_content_type VALUES(14,'socialaccount','socialtoken');
INSERT INTO django_content_type VALUES(15,'authtoken','token');
INSERT INTO django_content_type VALUES(16,'authtoken','tokenproxy');
INSERT INTO django_content_type VALUES(17,'django_celery_results','taskresult');
INSERT INTO django_content_type VALUES(18,'django_celery_results','chordcounter');
INSERT INTO django_content_type VALUES(19,'django_celery_results','groupresult');
INSERT INTO django_content_type VALUES(20,'api','emailsettings');
INSERT INTO django_content_type VALUES(21,'api','historicalmymodel');
INSERT INTO django_content_type VALUES(22,'api','device');
INSERT INTO django_content_type VALUES(23,'api','devicelog');
INSERT INTO django_content_type VALUES(24,'api','equipament');
INSERT INTO django_content_type VALUES(25,'api','graphdata');
INSERT INTO django_content_type VALUES(26,'api','historicallog');
INSERT INTO django_content_type VALUES(27,'api','maintenance');
INSERT INTO django_content_type VALUES(28,'api','mymodel');
INSERT INTO django_content_type VALUES(29,'api','report');
INSERT INTO django_content_type VALUES(30,'api','userprofilemodel');
CREATE TABLE IF NOT EXISTS "auth_permission" ("id" integer NOT NULL PRIMARY KEY AUTOINCREMENT, "content_type_id" integer NOT NULL REFERENCES "django_content_type" ("id") DEFERRABLE INITIALLY DEFERRED, "codename" varchar(100) NOT NULL, "name" varchar(255) NOT NULL);
INSERT INTO auth_permission VALUES(1,1,'add_logentry','Can add log entry');
INSERT INTO auth_permission VALUES(2,1,'change_logentry','Can change log entry');
INSERT INTO auth_permission VALUES(3,1,'delete_logentry','Can delete log entry');
INSERT INTO auth_permission VALUES(4,1,'view_logentry','Can view log entry');
INSERT INTO auth_permission VALUES(5,2,'add_permission','Can add permission');
INSERT INTO auth_permission VALUES(6,2,'change_permission','Can change permission');
INSERT INTO auth_permission VALUES(7,2,'delete_permission','Can delete permission');
INSERT INTO auth_permission VALUES(8,2,'view_permission','Can view permission');
INSERT INTO auth_permission VALUES(9,3,'add_group','Can add group');
INSERT INTO auth_permission VALUES(10,3,'change_group','Can change group');
INSERT INTO auth_permission VALUES(11,3,'delete_group','Can delete group');
INSERT INTO auth_permission VALUES(12,3,'view_group','Can view group');
INSERT INTO auth_permission VALUES(13,4,'add_user','Can add user');
INSERT INTO auth_permission VALUES(14,4,'change_user','Can change user');
INSERT INTO auth_permission VALUES(15,4,'delete_user','Can delete user');
INSERT INTO auth_permission VALUES(16,4,'view_user','Can view user');
INSERT INTO auth_permission VALUES(17,5,'add_contenttype','Can add content type');
INSERT INTO auth_permission VALUES(18,5,'change_contenttype','Can change content type');
INSERT INTO auth_permission VALUES(19,5,'delete_contenttype','Can delete content type');
INSERT INTO auth_permission VALUES(20,5,'view_contenttype','Can view content type');
INSERT INTO auth_permission VALUES(21,6,'add_session','Can add session');
INSERT INTO auth_permission VALUES(22,6,'change_session','Can change session');
INSERT INTO auth_permission VALUES(23,6,'delete_session','Can delete session');
INSERT INTO auth_permission VALUES(24,6,'view_session','Can view session');
INSERT INTO auth_permission VALUES(25,7,'add_blacklistedtoken','Can add blacklisted token');
INSERT INTO auth_permission VALUES(26,7,'change_blacklistedtoken','Can change blacklisted token');
INSERT INTO auth_permission VALUES(27,7,'delete_blacklistedtoken','Can delete blacklisted token');
INSERT INTO auth_permission VALUES(28,7,'view_blacklistedtoken','Can view blacklisted token');
INSERT INTO auth_permission VALUES(29,8,'add_outstandingtoken','Can add outstanding token');
INSERT INTO auth_permission VALUES(30,8,'change_outstandingtoken','Can change outstanding token');
INSERT INTO auth_permission VALUES(31,8,'delete_outstandingtoken','Can delete outstanding token');
INSERT INTO auth_permission VALUES(32,8,'view_outstandingtoken','Can view outstanding token');
INSERT INTO auth_permission VALUES(33,9,'add_site','Can add site');
INSERT INTO auth_permission VALUES(34,9,'change_site','Can change site');
INSERT INTO auth_permission VALUES(35,9,'delete_site','Can delete site');
INSERT INTO auth_permission VALUES(36,9,'view_site','Can view site');
INSERT INTO auth_permission VALUES(37,10,'add_emailaddress','Can add email address');
INSERT INTO auth_permission VALUES(38,10,'change_emailaddress','Can change email address');
INSERT INTO auth_permission VALUES(39,10,'delete_emailaddress','Can delete email address');
INSERT INTO auth_permission VALUES(40,10,'view_emailaddress','Can view email address');
INSERT INTO auth_permission VALUES(41,11,'add_emailconfirmation','Can add email confirmation');
INSERT INTO auth_permission VALUES(42,11,'change_emailconfirmation','Can change email confirmation');
INSERT INTO auth_permission VALUES(43,11,'delete_emailconfirmation','Can delete email confirmation');
INSERT INTO auth_permission VALUES(44,11,'view_emailconfirmation','Can view email confirmation');
INSERT INTO auth_permission VALUES(45,12,'add_socialaccount','Can add social account');
INSERT INTO auth_permission VALUES(46,12,'change_socialaccount','Can change social account');
INSERT INTO auth_permission VALUES(47,12,'delete_socialaccount','Can delete social account');
INSERT INTO auth_permission VALUES(48,12,'view_socialaccount','Can view social account');
INSERT INTO auth_permission VALUES(49,13,'add_socialapp','Can add social application');
INSERT INTO auth_permission VALUES(50,13,'change_socialapp','Can change social application');
INSERT INTO auth_permission VALUES(51,13,'delete_socialapp','Can delete social application');
INSERT INTO auth_permission VALUES(52,13,'view_socialapp','Can view social application');
INSERT INTO auth_permission VALUES(53,14,'add_socialtoken','Can add social application token');
INSERT INTO auth_permission VALUES(54,14,'change_socialtoken','Can change social application token');
INSERT INTO auth_permission VALUES(55,14,'delete_socialtoken','Can delete social application token');
INSERT INTO auth_permission VALUES(56,14,'view_socialtoken','Can view social application token');
INSERT INTO auth_permission VALUES(57,15,'add_token','Can add Token');
INSERT INTO auth_permission VALUES(58,15,'change_token','Can change Token');
INSERT INTO auth_permission VALUES(59,15,'delete_token','Can delete Token');
INSERT INTO auth_permission VALUES(60,15,'view_token','Can view Token');
INSERT INTO auth_permission VALUES(61,16,'add_tokenproxy','Can add Token');
INSERT INTO auth_permission VALUES(62,16,'change_tokenproxy','Can change Token');
INSERT INTO auth_permission VALUES(63,16,'delete_tokenproxy','Can delete Token');
INSERT INTO auth_permission VALUES(64,16,'view_tokenproxy','Can view Token');
INSERT INTO auth_permission VALUES(65,17,'add_taskresult','Can add task result');
INSERT INTO auth_permission VALUES(66,17,'change_taskresult','Can change task result');
INSERT INTO auth_permission VALUES(67,17,'delete_taskresult','Can delete task result');
INSERT INTO auth_permission VALUES(68,17,'view_taskresult','Can view task result');
INSERT INTO auth_permission VALUES(69,18,'add_chordcounter','Can add chord counter');
INSERT INTO auth_permission VALUES(70,18,'change_chordcounter','Can change chord counter');
INSERT INTO auth_permission VALUES(71,18,'delete_chordcounter','Can delete chord counter');
INSERT INTO auth_permission VALUES(72,18,'view_chordcounter','Can view chord counter');
INSERT INTO auth_permission VALUES(73,19,'add_groupresult','Can add group result');
INSERT INTO auth_permission VALUES(74,19,'change_groupresult','Can change group result');
INSERT INTO auth_permission VALUES(75,19,'delete_groupresult','Can delete group result');
INSERT INTO auth_permission VALUES(76,19,'view_groupresult','Can view group result');
INSERT INTO auth_permission VALUES(77,20,'add_emailsettings','Can add email settings');
INSERT INTO auth_permission VALUES(78,20,'change_emailsettings','Can change email settings');
INSERT INTO auth_permission VALUES(79,20,'delete_emailsettings','Can delete email settings');
INSERT INTO auth_permission VALUES(80,20,'view_emailsettings','Can view email settings');
INSERT INTO auth_permission VALUES(81,21,'add_historicalmymodel','Can add Histórico do Meu Modelo');
INSERT INTO auth_permission VALUES(82,21,'change_historicalmymodel','Can change Histórico do Meu Modelo');
INSERT INTO auth_permission VALUES(83,21,'delete_historicalmymodel','Can delete Histórico do Meu Modelo');
INSERT INTO auth_permission VALUES(84,21,'view_historicalmymodel','Can view Histórico do Meu Modelo');
INSERT INTO auth_permission VALUES(85,22,'add_device','Can add device');
INSERT INTO auth_permission VALUES(86,22,'change_device','Can change device');
INSERT INTO auth_permission VALUES(87,22,'delete_device','Can delete device');
INSERT INTO auth_permission VALUES(88,22,'view_device','Can view device');
INSERT INTO auth_permission VALUES(89,23,'add_devicelog','Can add device log');
INSERT INTO auth_permission VALUES(90,23,'change_devicelog','Can change device log');
INSERT INTO auth_permission VALUES(91,23,'delete_devicelog','Can delete device log');
INSERT INTO auth_permission VALUES(92,23,'view_devicelog','Can view device log');
INSERT INTO auth_permission VALUES(93,24,'add_equipament','Can add Equipamento');
INSERT INTO auth_permission VALUES(94,24,'change_equipament','Can change Equipamento');
INSERT INTO auth_permission VALUES(95,24,'delete_equipament','Can delete Equipamento');
INSERT INTO auth_permission VALUES(96,24,'view_equipament','Can view Equipamento');
INSERT INTO auth_permission VALUES(97,25,'add_graphdata','Can add graph data');
INSERT INTO auth_permission VALUES(98,25,'change_graphdata','Can change graph data');
INSERT INTO auth_permission VALUES(99,25,'delete_graphdata','Can delete graph data');
INSERT INTO auth_permission VALUES(100,25,'view_graphdata','Can view graph data');
INSERT INTO auth_permission VALUES(101,26,'add_historicallog','Can add historical log');
INSERT INTO auth_permission VALUES(102,26,'change_historicallog','Can change historical log');
INSERT INTO auth_permission VALUES(103,26,'delete_historicallog','Can delete historical log');
INSERT INTO auth_permission VALUES(104,26,'view_historicallog','Can view historical log');
INSERT INTO auth_permission VALUES(105,27,'add_maintenance','Can add maintenance');
INSERT INTO auth_permission VALUES(106,27,'change_maintenance','Can change maintenance');
INSERT INTO auth_permission VALUES(107,27,'delete_maintenance','Can delete maintenance');
INSERT INTO auth_permission VALUES(108,27,'view_maintenance','Can view maintenance');
INSERT INTO auth_permission VALUES(109,28,'add_mymodel','Can add my model');
INSERT INTO auth_permission VALUES(110,28,'change_mymodel','Can change my model');
INSERT INTO auth_permission VALUES(111,28,'delete_mymodel','Can delete my model');
INSERT INTO auth_permission VALUES(112,28,'view_mymodel','Can view my model');
INSERT INTO auth_permission VALUES(113,29,'add_report','Can add report');
INSERT INTO auth_permission VALUES(114,29,'change_report','Can change report');
INSERT INTO auth_permission VALUES(115,29,'delete_report','Can delete report');
INSERT INTO auth_permission VALUES(116,29,'view_report','Can view report');
INSERT INTO auth_permission VALUES(117,30,'add_userprofilemodel','Can add user profile model');
INSERT INTO auth_permission VALUES(118,30,'change_userprofilemodel','Can change user profile model');
INSERT INTO auth_permission VALUES(119,30,'delete_userprofilemodel','Can delete user profile model');
INSERT INTO auth_permission VALUES(120,30,'view_userprofilemodel','Can view user profile model');
CREATE TABLE IF NOT EXISTS "auth_group" ("id" integer NOT NULL PRIMARY KEY AUTOINCREMENT, "name" varchar(150) NOT NULL UNIQUE);
CREATE TABLE IF NOT EXISTS "auth_user" ("id" integer NOT NULL PRIMARY KEY AUTOINCREMENT, "password" varchar(128) NOT NULL, "last_login" datetime NULL, "is_superuser" bool NOT NULL, "username" varchar(150) NOT NULL UNIQUE, "last_name" varchar(150) NOT NULL, "email" varchar(254) NOT NULL, "is_staff" bool NOT NULL, "is_active" bool NOT NULL, "date_joined" datetime NOT NULL, "first_name" varchar(150) NOT NULL);
INSERT INTO auth_user VALUES(1,'pbkdf2_sha256$720000$60A7gcqqW22yTlf5VhWPtY$mmM0pD6XzsKMmvXyIatRHVCSVSbh0ipJlJpciJ38pvc=','2024-08-02 00:59:35.437386',1,'cosme.alex@gmail.com','','cosme.alex@gmail.com',1,1,'2024-08-01 21:02:38.812632','');
INSERT INTO auth_user VALUES(9,'pbkdf2_sha256$720000$WZHTTqP7PiJTSZmNsCMpII$46D28yjMEUVw7JfoXC7iHY7Rq5nbU9srZjcDqmDJl1Y=',NULL,0,'cosmeaf@gmail.com','Alves','cosmeaf@gmail.com',0,1,'2024-08-02 01:54:54.342812','Cosme');
INSERT INTO auth_user VALUES(10,'pbkdf2_sha256$720000$gSGMQKvjnlWyRT5jKeAJ19$Bke2wXQjm/LoUC2BxrS55buJzpawDt5EicBUD2EUbwQ=',NULL,0,'comercial@injetec.com.br','Administrator','comercial@injetec.com.br',0,1,'2024-08-02 12:55:16.305221','Injetec');
CREATE TABLE IF NOT EXISTS "authtoken_token" ("key" varchar(40) NOT NULL PRIMARY KEY, "created" datetime NOT NULL, "user_id" integer NOT NULL UNIQUE REFERENCES "auth_user" ("id") DEFERRABLE INITIALLY DEFERRED);
CREATE TABLE IF NOT EXISTS "django_celery_results_groupresult" ("id" integer NOT NULL PRIMARY KEY AUTOINCREMENT, "group_id" varchar(255) NOT NULL UNIQUE, "date_created" datetime NOT NULL, "date_done" datetime NOT NULL, "content_type" varchar(128) NOT NULL, "content_encoding" varchar(64) NOT NULL, "result" text NULL);
CREATE TABLE IF NOT EXISTS "django_celery_results_chordcounter" ("id" integer NOT NULL PRIMARY KEY AUTOINCREMENT, "sub_tasks" text NOT NULL, "count" integer unsigned NOT NULL CHECK ("count" >= 0), "group_id" varchar(255) NOT NULL UNIQUE);
CREATE TABLE IF NOT EXISTS "django_celery_results_taskresult" ("id" integer NOT NULL PRIMARY KEY AUTOINCREMENT, "task_id" varchar(255) NOT NULL UNIQUE, "status" varchar(50) NOT NULL, "content_type" varchar(128) NOT NULL, "content_encoding" varchar(64) NOT NULL, "result" text NULL, "date_done" datetime NOT NULL, "traceback" text NULL, "meta" text NULL, "task_args" text NULL, "task_kwargs" text NULL, "task_name" varchar(255) NULL, "date_created" datetime NOT NULL, "worker" varchar(100) NULL, "periodic_task_name" varchar(255) NULL);
CREATE TABLE IF NOT EXISTS "django_session" ("session_key" varchar(40) NOT NULL PRIMARY KEY, "session_data" text NOT NULL, "expire_date" datetime NOT NULL);
INSERT INTO django_session VALUES('4qpo0828669guiutae3akcxds832tp5z','.eJxVjDsOwjAQBe_iGlnx36akzxmstXeDA8iW4qRC3J1ESgHtzLz3ZhG2tcSt0xJnZFcm2OWXJchPqofAB9R747nVdZkTPxJ-2s7HhvS6ne3fQYFe9rVS2jujwwDJg1RkpJ2QIDjrBi3IeulN8jbAJDwGtAYRjMyKQqCdSvb5AsIsN2g:1sZgdr:Lf80XKLD22HzxcztB8UgApO9HsxDV-kySeVmGmtm0y0','2024-08-16 00:59:35.441306');
CREATE TABLE IF NOT EXISTS "django_site" ("id" integer NOT NULL PRIMARY KEY AUTOINCREMENT, "name" varchar(50) NOT NULL, "domain" varchar(100) NOT NULL UNIQUE);
INSERT INTO django_site VALUES(1,'example.com','example.com');
CREATE TABLE IF NOT EXISTS "socialaccount_socialapp_sites" ("id" integer NOT NULL PRIMARY KEY AUTOINCREMENT, "socialapp_id" integer NOT NULL REFERENCES "socialaccount_socialapp" ("id") DEFERRABLE INITIALLY DEFERRED, "site_id" integer NOT NULL REFERENCES "django_site" ("id") DEFERRABLE INITIALLY DEFERRED);
CREATE TABLE IF NOT EXISTS "socialaccount_socialapp" ("id" integer NOT NULL PRIMARY KEY AUTOINCREMENT, "provider" varchar(30) NOT NULL, "name" varchar(40) NOT NULL, "client_id" varchar(191) NOT NULL, "secret" varchar(191) NOT NULL, "key" varchar(191) NOT NULL, "provider_id" varchar(200) NOT NULL, "settings" text NOT NULL CHECK ((JSON_VALID("settings") OR "settings" IS NULL)));
CREATE TABLE IF NOT EXISTS "socialaccount_socialtoken" ("id" integer NOT NULL PRIMARY KEY AUTOINCREMENT, "token" text NOT NULL, "token_secret" text NOT NULL, "expires_at" datetime NULL, "account_id" integer NOT NULL REFERENCES "socialaccount_socialaccount" ("id") DEFERRABLE INITIALLY DEFERRED, "app_id" integer NULL REFERENCES "socialaccount_socialapp" ("id") DEFERRABLE INITIALLY DEFERRED);
CREATE TABLE IF NOT EXISTS "socialaccount_socialaccount" ("id" integer NOT NULL PRIMARY KEY AUTOINCREMENT, "provider" varchar(200) NOT NULL, "uid" varchar(191) NOT NULL, "last_login" datetime NOT NULL, "date_joined" datetime NOT NULL, "user_id" integer NOT NULL REFERENCES "auth_user" ("id") DEFERRABLE INITIALLY DEFERRED, "extra_data" text NOT NULL CHECK ((JSON_VALID("extra_data") OR "extra_data" IS NULL)));
CREATE TABLE IF NOT EXISTS "token_blacklist_blacklistedtoken" ("blacklisted_at" datetime NOT NULL, "token_id" bigint NOT NULL UNIQUE REFERENCES "token_blacklist_outstandingtoken" ("id") DEFERRABLE INITIALLY DEFERRED, "id" integer NOT NULL PRIMARY KEY AUTOINCREMENT);
INSERT INTO token_blacklist_blacklistedtoken VALUES('2024-08-01 21:45:47.411300',1,1);
INSERT INTO token_blacklist_blacklistedtoken VALUES('2024-08-01 22:55:02.201763',2,2);
INSERT INTO token_blacklist_blacklistedtoken VALUES('2024-08-02 00:54:58.793914',4,3);
INSERT INTO token_blacklist_blacklistedtoken VALUES('2024-08-02 01:20:16.732760',5,4);
INSERT INTO token_blacklist_blacklistedtoken VALUES('2024-08-02 01:35:38.804117',6,5);
INSERT INTO token_blacklist_blacklistedtoken VALUES('2024-08-02 02:17:36.295313',7,6);
INSERT INTO token_blacklist_blacklistedtoken VALUES('2024-08-02 02:41:18.465599',8,7);
INSERT INTO token_blacklist_blacklistedtoken VALUES('2024-08-02 03:43:18.933112',9,8);
INSERT INTO token_blacklist_blacklistedtoken VALUES('2024-08-02 11:02:52.350816',10,9);
CREATE TABLE IF NOT EXISTS "token_blacklist_outstandingtoken" ("token" text NOT NULL, "created_at" datetime NULL, "expires_at" datetime NOT NULL, "user_id" integer NULL REFERENCES "auth_user" ("id") DEFERRABLE INITIALLY DEFERRED, "jti" varchar(255) NOT NULL UNIQUE, "id" integer NOT NULL PRIMARY KEY AUTOINCREMENT);
INSERT INTO token_blacklist_outstandingtoken VALUES('eyJhbGciOiJIUzI1NiIsInR5cCI6IkpXVCJ9.eyJ0b2tlbl90eXBlIjoicmVmcmVzaCIsImV4cCI6MTcyMjYzMTUxMywiaWF0IjoxNzIyNTQ1MTEzLCJqdGkiOiIyZTk5NDUyZTNkMjg0ZGU4YWY1ZTU5OThjYjkzZWMwOCIsInVzZXJfaWQiOjEsImlkIjoxLCJmaXJzdF9uYW1lIjoiQ29zbWUiLCJsYXN0X25hbWUiOiJBbHZlcyIsImVtYWlsIjoiY29zbWVhZkBnbWFpbC5jb20ifQ.e44wsJ3dA826N2sJcsML8ufLiXuHCmdXEPNYVCAAN7E',NULL,'2024-08-02 20:45:13',NULL,'2e99452e3d284de8af5e5998cb93ec08',1);
INSERT INTO token_blacklist_outstandingtoken VALUES('eyJhbGciOiJIUzI1NiIsInR5cCI6IkpXVCJ9.eyJ0b2tlbl90eXBlIjoicmVmcmVzaCIsImV4cCI6MTcyMjYzNTE2NSwiaWF0IjoxNzIyNTQ4NzY1LCJqdGkiOiIwZjc0MzdmNjZhY2E0NzY3OTk3MDlhNzQyNzk1NGJiYSIsInVzZXJfaWQiOjJ9.4XWRv4eEdND_lvRjBqHEDwSZ3NBl_q-qXJi2f7oG5TA','2024-08-01 21:46:05.392667','2024-08-02 21:46:05',NULL,'0f7437f66aca476799709a7427954bba',2);
INSERT INTO token_blacklist_outstandingtoken VALUES('eyJhbGciOiJIUzI1NiIsInR5cCI6IkpXVCJ9.eyJ0b2tlbl90eXBlIjoicmVmcmVzaCIsImV4cCI6MTcyMjY0MTE2OSwiaWF0IjoxNzIyNTU0NzY5LCJqdGkiOiJmNmM0OTQzOTU1NTQ0NGMwOGU0YjU0ZTI1MDE5MzAwMCIsInVzZXJfaWQiOjJ9.teB5jxdsZfLnzOP3bp8BqciaxW0u0D5ntcYoqyp8pQY','2024-08-01 23:26:09.024898','2024-08-02 23:26:09',NULL,'f6c49439555444c08e4b54e250193000',3);
INSERT INTO token_blacklist_outstandingtoken VALUES('eyJhbGciOiJIUzI1NiIsInR5cCI6IkpXVCJ9.eyJ0b2tlbl90eXBlIjoicmVmcmVzaCIsImV4cCI6MTcyMjY0MjQ4NiwiaWF0IjoxNzIyNTU2MDg2LCJqdGkiOiJlMjc0YmFlNjYxZjk0Mzc5OThiNTUzOWVmNzdkNWMzNyIsInVzZXJfaWQiOjJ9.hLMR2qcHrPhIq7MxF-8-beQhXH8t-py-28pNIj5BY18','2024-08-01 23:48:06.299622','2024-08-02 23:48:06',NULL,'e274bae661f9437998b5539ef77d5c37',4);
INSERT INTO token_blacklist_outstandingtoken VALUES('eyJhbGciOiJIUzI1NiIsInR5cCI6IkpXVCJ9.eyJ0b2tlbl90eXBlIjoicmVmcmVzaCIsImV4cCI6MTcyMjY0Nzk5NSwiaWF0IjoxNzIyNTYxNTk1LCJqdGkiOiIzNjRkNDhiYmViNjE0Njg1ODAyN2Y5MjA5ZjRlNzhjZiIsInVzZXJfaWQiOjF9.8QjJIDHjse9grmYZJS9-qF6_NNPXb08P9EqZf8s04aU','2024-08-02 01:19:55.181139','2024-08-03 01:19:55',1,'364d48bbeb6146858027f9209f4e78cf',5);
INSERT INTO token_blacklist_outstandingtoken VALUES('eyJhbGciOiJIUzI1NiIsInR5cCI6IkpXVCJ9.eyJ0b2tlbl90eXBlIjoicmVmcmVzaCIsImV4cCI6MTcyMjY0ODAyNSwiaWF0IjoxNzIyNTYxNjI1LCJqdGkiOiIwNDJlMzYwMjAzZTc0ZjcwOTczNTNhMmU2MDA3M2E1NiIsInVzZXJfaWQiOjN9.Z8DgZNJyMdX5_Bl3wA4Wn8SplHBabq2IZyuZZB5XGeg','2024-08-02 01:20:25.263227','2024-08-03 01:20:25',NULL,'042e360203e74f7097353a2e60073a56',6);
INSERT INTO token_blacklist_outstandingtoken VALUES('eyJhbGciOiJIUzI1NiIsInR5cCI6IkpXVCJ9.eyJ0b2tlbl90eXBlIjoicmVmcmVzaCIsImV4cCI6MTcyMjY1MDEwNSwiaWF0IjoxNzIyNTYzNzA1LCJqdGkiOiI1MGY4MDg4NTAwMzk0ZWI1OTVhNzk5Nzk1M2U0NWFmNiIsInVzZXJfaWQiOjl9.T1CtYo-jpvl3xoDLdaz7vFJ8-hlJIDsQ6xZEn504NhU','2024-08-02 01:55:05.202112','2024-08-03 01:55:05',9,'50f8088500394eb595a7997953e45af6',7);
INSERT INTO token_blacklist_outstandingtoken VALUES('eyJhbGciOiJIUzI1NiIsInR5cCI6IkpXVCJ9.eyJ0b2tlbl90eXBlIjoicmVmcmVzaCIsImV4cCI6MTcyMjY1Mjg3MywiaWF0IjoxNzIyNTY2NDczLCJqdGkiOiI3Yzc2NmQ0NmYwODg0NTk2YmQ1YTA3ZTdhYWVmMDkwOSIsInVzZXJfaWQiOjF9.3rSzDoHNiDRSvyOS0JcMssdAVddxNO70ltGrQ_4-39w','2024-08-02 02:41:13.518179','2024-08-03 02:41:13',1,'7c766d46f0884596bd5a07e7aaef0909',8);
INSERT INTO token_blacklist_outstandingtoken VALUES('eyJhbGciOiJIUzI1NiIsInR5cCI6IkpXVCJ9.eyJ0b2tlbl90eXBlIjoicmVmcmVzaCIsImV4cCI6MTcyMjY1Mjg5OSwiaWF0IjoxNzIyNTY2NDk5LCJqdGkiOiJiNzE1OGQyZTVjNjM0MDRhYmZjODFiM2Y0MWM1MzM5ZCIsInVzZXJfaWQiOjl9.MNFhaNiLFcpyYcrNQzlfq_aDnA1httWzefzWafvq7mM','2024-08-02 02:41:39.282948','2024-08-03 02:41:39',9,'b7158d2e5c63404abfc81b3f41c5339d',9);
INSERT INTO token_blacklist_outstandingtoken VALUES('eyJhbGciOiJIUzI1NiIsInR5cCI6IkpXVCJ9.eyJ0b2tlbl90eXBlIjoicmVmcmVzaCIsImV4cCI6MTcyMjY4Mjg3MiwiaWF0IjoxNzIyNTk2NDcyLCJqdGkiOiI3Y2FkMmUzZGE2NTU0OWFmOGUzODdjZGM3ZmU2OWY4NyIsInVzZXJfaWQiOjl9.vzaKk05BET64IoH6fe6Lqv0_tWA43aeD7coadlbcamk','2024-08-02 11:01:12.868988','2024-08-03 11:01:12',9,'7cad2e3da65549af8e387cdc7fe69f87',10);
INSERT INTO token_blacklist_outstandingtoken VALUES('eyJhbGciOiJIUzI1NiIsInR5cCI6IkpXVCJ9.eyJ0b2tlbl90eXBlIjoicmVmcmVzaCIsImV4cCI6MTcyMjY4OTA0NywiaWF0IjoxNzIyNjAyNjQ3LCJqdGkiOiIyZjc1MjA1ZmJhOGY0NGVhOTI2OTc2ZTQ5YjcyYWQ5YiIsInVzZXJfaWQiOjl9.Mfj59q5ydw932TBLH-gwVEMRI-ujdGuejB_HIcJ7RGg','2024-08-02 12:44:07.104494','2024-08-03 12:44:07',9,'2f75205fba8f44ea926976e49b72ad9b',11);
INSERT INTO token_blacklist_outstandingtoken VALUES('eyJhbGciOiJIUzI1NiIsInR5cCI6IkpXVCJ9.eyJ0b2tlbl90eXBlIjoicmVmcmVzaCIsImV4cCI6MTcyMjY4OTM4OSwiaWF0IjoxNzIyNjAyOTg5LCJqdGkiOiIwMmQ4YjUzODIwZGM0YzZjYWVhZDI1ZjVlNjUyNTQyZiIsInVzZXJfaWQiOjl9.QiEyYqJg5gskDRTBupnlsoef2cNMrX9weoJaxOvhCh4','2024-08-02 12:49:49.016605','2024-08-03 12:49:49',9,'02d8b53820dc4c6caead25f5e652542f',12);
INSERT INTO token_blacklist_outstandingtoken VALUES('eyJhbGciOiJIUzI1NiIsInR5cCI6IkpXVCJ9.eyJ0b2tlbl90eXBlIjoicmVmcmVzaCIsImV4cCI6MTcyMjY4OTgzNCwiaWF0IjoxNzIyNjAzNDM0LCJqdGkiOiIxNTA5NWU4MmI4ZDk0MDgzYmM3MDQ0N2E4OTBkNjk4NCIsInVzZXJfaWQiOjEwfQ.CgHC4fGEmFNuH8WsmCcEMeu4zq4pQtc0rk9a6L1r5IY','2024-08-02 12:57:14.917476','2024-08-03 12:57:14',10,'15095e82b8d94083bc70447a890d6984',13);
INSERT INTO token_blacklist_outstandingtoken VALUES('eyJhbGciOiJIUzI1NiIsInR5cCI6IkpXVCJ9.eyJ0b2tlbl90eXBlIjoicmVmcmVzaCIsImV4cCI6MTcyMjY4OTg4MywiaWF0IjoxNzIyNjAzNDgzLCJqdGkiOiI5YmUxNWE2YmE5MzY0NjhmYjY2N2E4ZmEwM2MwZjU2ZSIsInVzZXJfaWQiOjEwfQ.fu-dYlClLZZvEKqhHExnPvc0lcjzwIjVljaNGimHwIs','2024-08-02 12:58:03.699492','2024-08-03 12:58:03',10,'9be15a6ba936468fb667a8fa03c0f56e',14);
INSERT INTO token_blacklist_outstandingtoken VALUES('eyJhbGciOiJIUzI1NiIsInR5cCI6IkpXVCJ9.eyJ0b2tlbl90eXBlIjoicmVmcmVzaCIsImV4cCI6MTcyMjY5MDg1MSwiaWF0IjoxNzIyNjA0NDUxLCJqdGkiOiI1NGIxMzA0NDcyM2U0ZTU3YmE5NzlmNzllNWNjZDdmNSIsInVzZXJfaWQiOjEwfQ.E0kHiQ3T8uQSYua_capkGhMGbn13fFsLvrr-J2Zpo3U','2024-08-02 13:14:11.417922','2024-08-03 13:14:11',10,'54b13044723e4e57ba979f79e5ccd7f5',15);
DELETE FROM sqlite_sequence;
INSERT INTO sqlite_sequence VALUES('django_migrations',65);
INSERT INTO sqlite_sequence VALUES('account_emailaddress',0);
INSERT INTO sqlite_sequence VALUES('django_admin_log',7);
INSERT INTO sqlite_sequence VALUES('django_content_type',30);
INSERT INTO sqlite_sequence VALUES('auth_permission',120);
INSERT INTO sqlite_sequence VALUES('auth_group',0);
INSERT INTO sqlite_sequence VALUES('auth_user',10);
INSERT INTO sqlite_sequence VALUES('django_celery_results_chordcounter',0);
INSERT INTO sqlite_sequence VALUES('django_celery_results_taskresult',0);
INSERT INTO sqlite_sequence VALUES('django_site',1);
INSERT INTO sqlite_sequence VALUES('socialaccount_socialapp',0);
INSERT INTO sqlite_sequence VALUES('socialaccount_socialtoken',0);
INSERT INTO sqlite_sequence VALUES('socialaccount_socialaccount',0);
INSERT INTO sqlite_sequence VALUES('token_blacklist_blacklistedtoken',9);
INSERT INTO sqlite_sequence VALUES('token_blacklist_outstandingtoken',15);
CREATE UNIQUE INDEX "auth_group_permissions_group_id_permission_id_0cd325b0_uniq" ON "auth_group_permissions" ("group_id", "permission_id");
CREATE INDEX "auth_group_permissions_group_id_b120cbf9" ON "auth_group_permissions" ("group_id");
CREATE INDEX "auth_group_permissions_permission_id_84c5c92e" ON "auth_group_permissions" ("permission_id");
CREATE UNIQUE INDEX "auth_user_groups_user_id_group_id_94350c0c_uniq" ON "auth_user_groups" ("user_id", "group_id");
CREATE INDEX "auth_user_groups_user_id_6a12ed8b" ON "auth_user_groups" ("user_id");
CREATE INDEX "auth_user_groups_group_id_97559544" ON "auth_user_groups" ("group_id");
CREATE UNIQUE INDEX "auth_user_user_permissions_user_id_permission_id_14a6b632_uniq" ON "auth_user_user_permissions" ("user_id", "permission_id");
CREATE INDEX "auth_user_user_permissions_user_id_a95ead1b" ON "auth_user_user_permissions" ("user_id");
CREATE INDEX "auth_user_user_permissions_permission_id_1fbb5f2c" ON "auth_user_user_permissions" ("permission_id");
CREATE INDEX "account_emailconfirmation_email_address_id_5b7f8c58" ON "account_emailconfirmation" ("email_address_id");
CREATE UNIQUE INDEX "account_emailaddress_user_id_email_987c8728_uniq" ON "account_emailaddress" ("user_id", "email");
CREATE UNIQUE INDEX "unique_verified_email" ON "account_emailaddress" ("email") WHERE "verified";
CREATE INDEX "account_emailaddress_user_id_2c513194" ON "account_emailaddress" ("user_id");
CREATE INDEX "account_emailaddress_email_03be32b2" ON "account_emailaddress" ("email");
CREATE UNIQUE INDEX "unique_primary_email" ON "account_emailaddress" ("user_id", "primary") WHERE "primary";
CREATE INDEX "django_admin_log_content_type_id_c4bce8eb" ON "django_admin_log" ("content_type_id");
CREATE INDEX "django_admin_log_user_id_c564eba6" ON "django_admin_log" ("user_id");
CREATE INDEX "api_device_device__121d16_idx" ON "api_device" ("device_id");
CREATE INDEX "api_device_horimet_4b4b3f_idx" ON "api_device" ("horimeter");
CREATE INDEX "api_devicel_device__6d2e3e_idx" ON "api_devicelog" ("device_id", "timestamp");
CREATE INDEX "api_equipam_device__b28981_idx" ON "api_equipament" ("device_id", "name");
CREATE INDEX "api_device_deleted_by_id_208a26a7" ON "api_device" ("deleted_by_id");
CREATE INDEX "api_devicelog_device_id_e08460c2" ON "api_devicelog" ("device_id");
CREATE INDEX "api_equipament_deleted_by_id_c9b5ffdd" ON "api_equipament" ("deleted_by_id");
CREATE INDEX "api_graphdata_deleted_by_id_932bbca2" ON "api_graphdata" ("deleted_by_id");
CREATE INDEX "api_graphdata_device_id_bc08b80a" ON "api_graphdata" ("device_id");
CREATE INDEX "api_graphdata_equipament_id_4f60f18f" ON "api_graphdata" ("equipament_id");
CREATE INDEX "api_historicallog_deleted_by_id_1a707a89" ON "api_historicallog" ("deleted_by_id");
CREATE INDEX "api_historicallog_user_id_d5184f88" ON "api_historicallog" ("user_id");
CREATE INDEX "api_maintenance_deleted_by_id_29e367ec" ON "api_maintenance" ("deleted_by_id");
CREATE INDEX "api_maintenance_equipament_id_d5656291" ON "api_maintenance" ("equipament_id");
CREATE INDEX "api_mymodel_deleted_by_id_7dd95f34" ON "api_mymodel" ("deleted_by_id");
CREATE INDEX "api_report_deleted_by_id_c2f35960" ON "api_report" ("deleted_by_id");
CREATE INDEX "api_report_generated_by_id_d269f409" ON "api_report" ("generated_by_id");
CREATE INDEX "api_userprofilemodel_deleted_by_id_8833b612" ON "api_userprofilemodel" ("deleted_by_id");
CREATE INDEX "api_userprofilemodel_equipament_id_fa6d46d7" ON "api_userprofilemodel" ("equipament_id");
CREATE UNIQUE INDEX "django_content_type_app_label_model_76bd3d3b_uniq" ON "django_content_type" ("app_label", "model");
CREATE UNIQUE INDEX "auth_permission_content_type_id_codename_01ab375a_uniq" ON "auth_permission" ("content_type_id", "codename");
CREATE INDEX "auth_permission_content_type_id_2f476e4b" ON "auth_permission" ("content_type_id");
CREATE INDEX "django_cele_task_na_08aec9_idx" ON "django_celery_results_taskresult" ("task_name");
CREATE INDEX "django_cele_status_9b6201_idx" ON "django_celery_results_taskresult" ("status");
CREATE INDEX "django_cele_worker_d54dd8_idx" ON "django_celery_results_taskresult" ("worker");
CREATE INDEX "django_cele_date_cr_f04a50_idx" ON "django_celery_results_taskresult" ("date_created");
CREATE INDEX "django_cele_date_do_f59aad_idx" ON "django_celery_results_taskresult" ("date_done");
CREATE INDEX "django_cele_date_cr_bd6c1d_idx" ON "django_celery_results_groupresult" ("date_created");
CREATE INDEX "django_cele_date_do_caae0e_idx" ON "django_celery_results_groupresult" ("date_done");
CREATE INDEX "django_session_expire_date_a5c62663" ON "django_session" ("expire_date");
CREATE UNIQUE INDEX "socialaccount_socialapp_sites_socialapp_id_site_id_71a9a768_uniq" ON "socialaccount_socialapp_sites" ("socialapp_id", "site_id");
CREATE INDEX "socialaccount_socialapp_sites_socialapp_id_97fb6e7d" ON "socialaccount_socialapp_sites" ("socialapp_id");
CREATE INDEX "socialaccount_socialapp_sites_site_id_2579dee5" ON "socialaccount_socialapp_sites" ("site_id");
CREATE UNIQUE INDEX "socialaccount_socialtoken_app_id_account_id_fca4e0ac_uniq" ON "socialaccount_socialtoken" ("app_id", "account_id");
CREATE INDEX "socialaccount_socialtoken_account_id_951f210e" ON "socialaccount_socialtoken" ("account_id");
CREATE INDEX "socialaccount_socialtoken_app_id_636a42d7" ON "socialaccount_socialtoken" ("app_id");
CREATE UNIQUE INDEX "socialaccount_socialaccount_provider_uid_fc810c6e_uniq" ON "socialaccount_socialaccount" ("provider", "uid");
CREATE INDEX "socialaccount_socialaccount_user_id_8146e70c" ON "socialaccount_socialaccount" ("user_id");
CREATE INDEX "token_blacklist_outstandingtoken_user_id_83bc629a" ON "token_blacklist_outstandingtoken" ("user_id");
CREATE INDEX "api_mymodel_name_791fc9_idx" ON "api_mymodel" ("name");
CREATE INDEX "api_userpro_deleted_554033_idx" ON "api_userprofilemodel" ("deleted_at");
CREATE INDEX "api_graphda_device__178fd8_idx" ON "api_graphdata" ("device_id");
CREATE INDEX "api_graphda_equipam_696028_idx" ON "api_graphdata" ("equipament_id");
CREATE INDEX "api_graphda_period_43c3a6_idx" ON "api_graphdata" ("period");
CREATE INDEX "api_graphda_data_ty_aa90a9_idx" ON "api_graphdata" ("data_type");
CREATE INDEX "api_histori_user_id_1e981c_idx" ON "api_historicallog" ("user_id");
CREATE INDEX "api_histori_timesta_5b8f80_idx" ON "api_historicallog" ("timestamp");
CREATE INDEX "api_report_start_d_c62612_idx" ON "api_report" ("start_date");
CREATE INDEX "api_report_end_dat_aaa824_idx" ON "api_report" ("end_date");
CREATE INDEX "api_report_report__50fbba_idx" ON "api_report" ("report_type");
CREATE INDEX "api_mainten_equipam_64f07c_idx" ON "api_maintenance" ("equipament_id");
CREATE INDEX "api_mainten_name_77bc80_idx" ON "api_maintenance" ("name");
CREATE INDEX "api_mainten_os_af85a8_idx" ON "api_maintenance" ("os");
COMMIT;
